{"cameraMode":{"drawMode":0,"name":"Shaded","section":"Shading Mode"},"sceneLighting":false,"audioPlay":false,"sceneViewState":{"showFog":true,"showMaterialUpdate":false,"showSkybox":false,"showFlares":true,"showImageEffects":true,"showParticleSystems":true},"in2DMode":false,"pivot":{"x":-0.022575855255126954,"y":57.29999923706055,"z":14.19999885559082},"rotation":{"x":0.17747347056865693,"y":-0.40875008702278139,"z":0.08136996626853943,"w":0.8915214538574219},"size":6.338260173797607,"orthographic":false}