{"cameraMode":{"drawMode":0,"name":"Shaded","section":"Shading Mode"},"sceneLighting":false,"audioPlay":false,"sceneViewState":{"showFog":true,"showMaterialUpdate":false,"showSkybox":false,"showFlares":true,"showImageEffects":true,"showParticleSystems":true},"in2DMode":false,"pivot":{"x":0.42049694061279299,"y":56.099998474121097,"z":-7.490000247955322},"rotation":{"x":0.17747347056865693,"y":-0.40875008702278139,"z":0.08136996626853943,"w":0.8915214538574219},"size":4.760749816894531,"orthographic":false}