{"cameraMode":{"drawMode":0,"name":"Shaded","section":"Shading Mode"},"sceneLighting":false,"audioPlay":false,"sceneViewState":{"showFog":true,"showMaterialUpdate":false,"showSkybox":false,"showFlares":true,"showImageEffects":true,"showParticleSystems":true},"in2DMode":false,"pivot":{"x":0.42049694061279299,"y":56.099998474121097,"z":-7.490000247955322},"rotation":{"x":0.17312313616275788,"y":-0.0023523822892457248,"z":0.0004142778052482754,"w":0.984900712966919},"size":8.432040214538575,"orthographic":false}