{"cameraMode":{"drawMode":0,"name":"Shaded","section":"Shading Mode"},"sceneLighting":true,"audioPlay":false,"sceneViewState":{"showFog":true,"showMaterialUpdate":false,"showSkybox":true,"showFlares":true,"showImageEffects":true,"showParticleSystems":true},"in2DMode":false,"pivot":{"x":-0.2805490493774414,"y":47.624000549316409,"z":-7.490000247955322},"rotation":{"x":-0.2814123034477234,"y":-0.016698384657502176,"z":0.004897978622466326,"w":-0.9594305157661438},"size":7.295987606048584,"orthographic":false}